{"Probe/Value of state 0": [-0.1868194043636322, -0.1897275447845459], "_runtime": 25, "_timestamp": 1625759860, "_step": 19997, "General episode info/rewards": 1.0, "General episode info/episode length": 1}