{"Probe/Value of state 0": [0.11309060454368591, 0.11798293888568878], "_runtime": 9, "_timestamp": 1625817007, "_step": 19997, "General episode info/rewards": 1.0, "General episode info/episode length": 1}