{"Probe/Value of state 0": [-0.2101704478263855, -0.210045725107193], "_runtime": 13, "_timestamp": 1625823749, "_step": 20000, "General episode info/rewards": 1.0, "General episode info/episode length": 1, "Agent info/critic loss": 0.9499992728233337, "Agent info/actor loss": 0.2103203386068344}