{"Probe/Value of state 0": [0.28843000531196594, 0.28811925649642944], "_runtime": 10, "_timestamp": 1625817121, "_step": 20000, "General episode info/rewards": 1.0, "General episode info/episode length": 1, "Agent info/critic loss": 1.1164246797561646, "Agent info/actor loss": -0.2883959114551544}