{"Agent info/critic loss": 3.552713678800501e-15, "Agent info/actor loss": -0.0, "Agent info/policy entropy": 0.0006925117340870202, "_runtime": 8, "_timestamp": 1625673375, "_step": 699}