{"Probe/Value of state 0": [0.21051327884197235, 0.21659308671951294], "_runtime": 22, "_timestamp": 1625818378, "_step": 20000, "General episode info/rewards": 1.0, "General episode info/episode length": 1, "Agent info/critic loss": 1.0240973234176636, "Agent info/actor loss": -0.20761336386203766}