{"graph_0": {"_type": "graph-file", "path": "media/graph/graph_0_summary_e47ac7f892bd05a513f4.graph.json", "sha256": "e47ac7f892bd05a513f409f02ed7cbf772a1e9b5e4edfeb33390cb72f5ea06c4", "size": 475}, "Agent info/critic loss": 0.0, "Agent info/actor loss": -0.0, "Agent info/policy entropy": 0.0002179125731345266, "_runtime": 6, "_timestamp": 1625675685, "_step": 699, "gradients/layers.1.bias": {"_type": "histogram", "values": [1.0, 0.0, 0.0, 0.0, 0.0, 0.0, 0.0, 0.0, 0.0, 0.0, 0.0, 0.0, 0.0, 0.0, 0.0, 0.0, 0.0, 0.0, 0.0, 0.0, 0.0, 0.0, 0.0, 0.0, 0.0, 0.0, 0.0, 0.0, 0.0, 0.0, 0.0, 0.0, 0.0, 0.0, 0.0, 0.0, 0.0, 0.0, 0.0, 0.0, 0.0, 0.0, 0.0, 0.0, 0.0, 0.0, 0.0, 0.0, 0.0, 0.0, 0.0, 0.0, 0.0, 0.0, 0.0, 0.0, 0.0, 0.0, 0.0, 0.0, 0.0, 0.0, 0.0, 1.0], "bins": [-1.7806310097512323e-06, -1.7249926713702735e-06, -1.6693542193024768e-06, -1.613715880921518e-06, -1.558077542540559e-06, -1.5024390904727625e-06, -1.4468007520918036e-06, -1.3911624137108447e-06, -1.3355240753298858e-06, -1.279885736948927e-06, -1.2242472848811303e-06, -1.1686089465001714e-06, -1.1129706081192126e-06, -1.057332156051416e-06, -1.001693817670457e-06, -9.460554792894982e-07, -8.904170840651204e-07, -8.347786888407427e-07, -7.791403504597838e-07, -7.235019552354061e-07, -6.678636168544472e-07, -6.122252216300694e-07, -5.565868832491105e-07, -5.009484880247328e-07, -4.453101212220645e-07, -3.8967175441939617e-07, -3.3403338761672785e-07, -2.7839502081405954e-07, -2.227566398005365e-07, -1.6711825878701347e-07, -1.1147989198434516e-07, -5.584152518167684e-08, -2.0315837900852785e-10, 5.5435211976373466e-08, 1.1107358233175546e-07, 1.6671195623985113e-07, 2.2235032304251945e-07, 2.779887040560425e-07, 3.336270708587108e-07, 3.892654376613791e-07, 4.449038044640474e-07, 5.005421712667157e-07, 5.561805664910935e-07, 6.118189048720524e-07, 6.674573000964301e-07, 7.230956953208079e-07, 7.787340337017667e-07, 8.343723720827256e-07, 8.900107673071034e-07, 9.456491625314811e-07, 1.00128750091244e-06, 1.056925839293399e-06, 1.1125642913611955e-06, 1.1682026297421544e-06, 1.2238409681231133e-06, 1.2794794201909099e-06, 1.3351177585718688e-06, 1.3907560969528276e-06, 1.4463945490206243e-06, 1.5020328874015831e-06, 1.557671225782542e-06, 1.6133096778503386e-06, 1.6689480162312975e-06, 1.7245863546122564e-06, 1.7802246929932153e-06]}, "gradients/layers.1.weight": {"_type": "histogram", "values": [1.0, 0.0, 0.0, 0.0, 0.0, 0.0, 0.0, 0.0, 0.0, 0.0, 0.0, 0.0, 1.0, 0.0, 1.0, 0.0, 0.0, 0.0, 0.0, 0.0, 0.0, 0.0, 0.0, 0.0, 0.0, 0.0, 0.0, 0.0, 0.0, 0.0, 3.0, 0.0, 4.0, 3.0, 0.0, 0.0, 0.0, 0.0, 0.0, 0.0, 0.0, 0.0, 0.0, 0.0, 0.0, 0.0, 0.0, 0.0, 0.0, 1.0, 0.0, 1.0, 0.0, 0.0, 0.0, 0.0, 0.0, 0.0, 0.0, 0.0, 0.0, 0.0, 0.0, 1.0], "bins": [-4.917182195640635e-06, -4.763521701534046e-06, -4.609860752680106e-06, -4.456200258573517e-06, -4.3025393097195774e-06, -4.1488788156129885e-06, -3.9952183215064e-06, -3.84155737265246e-06, -3.687896878545871e-06, -3.5342361570656067e-06, -3.3805754355853423e-06, -3.2269149414787535e-06, -3.073254219998489e-06, -2.919593498518225e-06, -2.765933004411636e-06, -2.6122722829313716e-06, -2.4586115614511073e-06, -2.304950839970843e-06, -2.1512901184905786e-06, -1.9976296243839897e-06, -1.8439689029037254e-06, -1.690308181423461e-06, -1.5366475736300345e-06, -1.3829869658366079e-06, -1.2293262443563435e-06, -1.0756655228760792e-06, -9.220049150826526e-07, -7.683442504458071e-07, -6.146835858089617e-07, -4.610229211721162e-07, -3.073622565352707e-07, -1.537016487418441e-07, -4.0472514228895307e-11, 1.5362019212261657e-07, 3.0728085675946204e-07, 4.609415213963075e-07, 6.14602186033153e-07, 7.682628506699984e-07, 9.219235153068439e-07, 1.0755841231002705e-06, 1.2292448445805348e-06, 1.3829055660607992e-06, 1.5365661738542258e-06, 1.6902267816476524e-06, 1.8438875031279167e-06, 1.997548224608181e-06, 2.15120871871477e-06, 2.3048694401950343e-06, 2.4585301616752986e-06, 2.612190883155563e-06, 2.7658516046358272e-06, 2.919512098742416e-06, 3.0731728202226805e-06, 3.2268335417029448e-06, 3.3804940358095337e-06, 3.534154757289798e-06, 3.6878154787700623e-06, 3.841475972876651e-06, 3.995136921730591e-06, 4.14879741583718e-06, 4.30245836469112e-06, 4.4561188587977085e-06, 4.609779352904297e-06, 4.763440301758237e-06, 4.917100795864826e-06]}, "gradients/layers.0.bias": {"_type": "histogram", "values": [1.0, 0.0, 0.0, 0.0, 0.0, 0.0, 0.0, 0.0, 0.0, 0.0, 0.0, 0.0, 0.0, 0.0, 0.0, 0.0, 0.0, 0.0, 0.0, 0.0, 0.0, 0.0, 0.0, 0.0, 0.0, 0.0, 0.0, 0.0, 0.0, 0.0, 1.0, 0.0, 1.0, 0.0, 0.0, 0.0, 0.0, 0.0, 0.0, 0.0, 0.0, 0.0, 0.0, 0.0, 0.0, 0.0, 0.0, 0.0, 0.0, 0.0, 0.0, 0.0, 0.0, 0.0, 0.0, 0.0, 0.0, 0.0, 0.0, 0.0, 1.0, 2.0, 0.0, 2.0], "bins": [-4.376482138468418e-06, -4.308099505578866e-06, -4.239716872689314e-06, -4.171334694547113e-06, -4.102952061657561e-06, -4.034569428768009e-06, -3.966186795878457e-06, -3.897804162988905e-06, -3.829421984846704e-06, -3.7610393519571517e-06, -3.692656946441275e-06, -3.624274313551723e-06, -3.5558919080358464e-06, -3.4875092751462944e-06, -3.4191268696304178e-06, -3.3507442367408657e-06, -3.2823616038513137e-06, -3.2139789709617617e-06, -3.145596565445885e-06, -3.077213932556333e-06, -3.0088315270404564e-06, -2.9404488941509044e-06, -2.8720664886350278e-06, -2.8036838557454757e-06, -2.7353012228559237e-06, -2.6669185899663717e-06, -2.598536184450495e-06, -2.530153551560943e-06, -2.4617711460450664e-06, -2.3933885131555144e-06, -2.3250061076396378e-06, -2.2566234747500857e-06, -2.188241069234209e-06, -2.119858436344657e-06, -2.0514760308287805e-06, -1.9830933979392285e-06, -1.914710992423352e-06, -1.8463283595337998e-06, -1.7779458403310855e-06, -1.7095633211283712e-06, -1.6411808019256569e-06, -1.5727982827229425e-06, -1.5044157635202282e-06, -1.4360332443175139e-06, -1.3676506114279618e-06, -1.2992682059120853e-06, -1.2308855730225332e-06, -1.1625030538198189e-06, -1.0941205346171046e-06, -1.0257380154143902e-06, -9.57355496211676e-07, -8.889729201655427e-07, -8.205904009628284e-07, -7.522078817601141e-07, -6.838253057139809e-07, -6.154427865112666e-07, -5.470602673085523e-07, -4.78677748105838e-07, -4.102952004814142e-07, -3.4191265285699046e-07, -2.7353013365427614e-07, -2.0514761445156182e-07, -1.3676506682713807e-07, -6.838251920271432e-08, 0.0]}, "gradients/layers.0.weight": {"_type": "histogram", "values": [1.0, 0.0, 0.0, 0.0, 0.0, 0.0, 0.0, 0.0, 0.0, 0.0, 0.0, 0.0, 0.0, 0.0, 0.0, 0.0, 0.0, 0.0, 0.0, 0.0, 0.0, 0.0, 0.0, 0.0, 0.0, 0.0, 0.0, 0.0, 1.0, 0.0, 1.0, 0.0, 0.0, 0.0, 0.0, 0.0, 0.0, 0.0, 0.0, 0.0, 0.0, 0.0, 0.0, 0.0, 0.0, 0.0, 0.0, 0.0, 0.0, 0.0, 0.0, 0.0, 0.0, 0.0, 0.0, 0.0, 0.0, 0.0, 0.0, 0.0, 2.0, 0.0, 2.0, 1.0],