{"Probe/Value of state 0": [0.06083498150110245, 0.07006613165140152], "_runtime": 25, "_timestamp": 1625759469, "_step": 19997, "General episode info/rewards": 1.0, "General episode info/episode length": 1}