{"graph_0": {"_type": "graph-file", "path": "media/graph/graph_0_summary_0047a5cf4ea62d84f710.graph.json", "sha256": "0047a5cf4ea62d84f7108d8deeec18a2ced5b10383c7da5334e319b382b444b6", "size": 475}, "Probe/state -1 action 0": 0.4535069167613983, "Probe/state -1 action 1": 0.5464930534362793, "Probe/state 1 action 0": 0.46324673295021057, "Probe/state 1 action 1": 0.536753237247467, "_runtime": 2, "_timestamp": 1625680583, "_step": 197, "General episode info/rewards": -1.0, "General episode info/episode length": 1}