{"Probe/Value of state 0": [-0.17515796422958374, -0.18729469180107117], "_runtime": 9, "_timestamp": 1625682322, "_step": 19997, "General episode info/rewards": 1.0, "General episode info/episode length": 1}