{"Probe/Value of state 0": [-0.4381977915763855, -0.4779561758041382], "_runtime": 6, "_timestamp": 1625824513, "_step": 11110, "General episode info/rewards": 1.0, "General episode info/episode length": 1}