{"Probe/Value of state 0": [-0.3882026672363281, -0.4164460301399231], "_runtime": 130, "_timestamp": 1625819455, "_step": 20000, "General episode info/rewards": 1.0, "General episode info/episode length": 1, "Agent info/critic loss": 1.0534707307815552, "Agent info/actor loss": 0.39773333072662354}