{"Probe/Value of state 0": [0.20053622126579285, 0.21390360593795776], "_runtime": 111, "_timestamp": 1625821483, "_step": 20000, "General episode info/rewards": 1.0, "General episode info/episode length": 1, "Agent info/critic loss": 1.098219394683838, "Agent info/actor loss": -0.1952989399433136}