{"Probe/Value of state 0": [0.20444168150424957, 0.20028279721736908], "_runtime": 27, "_timestamp": 1625761452, "_step": 19997, "General episode info/rewards": 1.0, "General episode info/episode length": 1}