{"graph_0": {"_type": "graph-file", "path": "media/graph/graph_0_summary_23a02441700797371f01.graph.json", "sha256": "23a02441700797371f01514dff3ff8a6115ea31486e3433db7c28f23b1078d35", "size": 475}, "Probe/state -1 action 0": 0.9999932050704956, "Probe/state -1 action 1": 6.776950158382533e-06, "Probe/state 1 action 0": 1.2358452295302413e-05, "Probe/state 1 action 1": 0.9999876022338867, "_runtime": 9, "_timestamp": 1625680628, "_step": 20699, "General episode info/rewards": 1.0, "General episode info/episode length": 1, "Agent info/critic loss": 0.0, "Agent info/actor loss": -0.0, "Agent info/policy entropy": 0.00011784865637309849, "gradients/layers.1.bias": {"_type": "histogram", "values": [1.0, 0.0, 0.0, 0.0, 0.0, 0.0, 0.0, 0.0, 0.0, 0.0, 0.0, 0.0, 0.0, 0.0, 0.0, 0.0, 0.0, 0.0, 0.0, 0.0, 0.0, 0.0, 0.0, 0.0, 0.0, 0.0, 0.0, 0.0, 0.0, 0.0, 0.0, 0.0, 0.0, 0.0, 0.0, 0.0, 0.0, 0.0, 0.0, 0.0, 0.0, 0.0, 0.0, 0.0, 0.0, 0.0, 0.0, 0.0, 0.0, 0.0, 0.0, 0.0, 0.0, 0.0, 0.0, 0.0, 0.0, 0.0, 0.0, 0.0, 0.0, 0.0, 0.0, 1.0], "bins": [-2.2896441009834234e-07, -2.218098700268456e-07, -2.1465531574449415e-07, -2.075007614621427e-07, -2.0034622139064595e-07, -1.931916813191492e-07, -1.8603712703679776e-07, -1.788825727544463e-07, -1.7172803268294956e-07, -1.6457349261145282e-07, -1.5741893832910137e-07, -1.502643840467499e-07, -1.4310984397525317e-07, -1.3595530390375643e-07, -1.2880074962140498e-07, -1.2164619533905352e-07, -1.1449165526755678e-07, -1.0733710809063268e-07, -1.0018256091370858e-07, -9.302801373678449e-08, -8.587346655986039e-08, -7.871891938293629e-08, -7.15643722060122e-08, -6.44098250290881e-08, -5.7255277852164e-08, -5.01007306752399e-08, -4.2946183498315804e-08, -3.5791636321391707e-08, -2.863708914446761e-08, -2.148254196754351e-08, -1.4327994790619414e-08, -7.173447613695316e-09, -1.8900436771218665e-11, 7.135646740152879e-09, 1.4290193917076977e-08, 2.1444741094001074e-08, 2.8599288270925172e-08, 3.575383544784927e-08, 4.290838262477337e-08, 5.0062929801697464e-08, 5.721747697862156e-08, 6.437202415554566e-08, 7.152657133246976e-08, 7.868111850939385e-08, 8.583566568631795e-08, 9.299021286324205e-08, 1.0014476004016615e-07, 1.0729930721709025e-07, 1.1445385439401434e-07, 1.2160839446551108e-07, 1.2876294874786254e-07, 1.35917503030214e-07, 1.4307204310171073e-07, 1.5022658317320747e-07, 1.5738113745555893e-07, 1.6453569173791038e-07, 1.7169023180940712e-07, 1.7884477188090386e-07, 1.8599932616325532e-07, 1.9315388044560677e-07, 2.0030842051710351e-07, 2.0746296058860025e-07, 2.146175148709517e-07, 2.2177206915330316e-07, 2.289266092247999e-07]}, "gradients/layers.1.weight": {"_type": "histogram", "values": [1.0, 0.0, 0.0, 0.0, 0.0, 0.0, 0.0, 0.0, 0.0, 0.0, 0.0, 0.0, 0.0, 0.0, 0.0, 1.0, 0.0, 0.0, 0.0, 0.0, 0.0, 0.0, 1.0, 0.0, 0.0, 0.0, 0.0, 0.0, 0.0, 0.0, 0.0, 10.0, 0.0, 0.0, 0.0, 0.0, 0.0, 0.0, 0.0, 0.0, 0.0, 1.0, 0.0, 0.0, 0.0, 0.0, 0.0, 0.0, 1.0, 0.0, 0.0, 0.0, 0.0, 0.0, 0.0, 0.0, 0.0, 0.0, 0.0, 0.0, 0.0, 0.0, 0.0, 1.0], "bins": [-2.1609341729345033e-06, -2.0934046460752143e-06, -2.0258748918422498e-06, -1.9583453649829607e-06, -1.8908156107499963e-06, -1.8232860838907072e-06, -1.7557564433445805e-06, -1.6882268027984537e-06, -1.620697162252327e-06, -1.5531675217062002e-06, -1.4856378811600734e-06, -1.4181082406139467e-06, -1.3505787137546577e-06, -1.2830489595216932e-06, -1.2155194326624041e-06, -1.1479897921162774e-06, -1.0804601515701506e-06, -1.0129305110240239e-06, -9.454008704778971e-07, -8.778712867751892e-07, -8.103416462290625e-07, -7.428120056829357e-07, -6.752824219802278e-07, -6.07752781434101e-07, -5.402231408879743e-07, -4.7269350034184754e-07, -4.051638882174302e-07, -3.376342760930129e-07, -2.7010463554688613e-07, -2.0257499500075937e-07, -1.3504538287634205e-07, -6.751577075192472e-08, 1.3642420526593924e-11, 6.754326875579864e-08, 1.3507289509107068e-07, 2.0260252142634272e-07, 2.7013214776161476e-07, 3.376617883077415e-07, 4.0519140043215884e-07, 4.7272101255657617e-07, 5.402506531027029e-07, 6.077802936488297e-07, 6.753099341949564e-07, 7.428395178976643e-07, 8.103691584437911e-07, 8.778987989899179e-07, 9.454283826926257e-07, 1.0129580232387525e-06, 1.0804876637848793e-06, 1.148017304331006e-06, 1.2155469448771328e-06, 1.2830765854232595e-06, 1.3506062259693863e-06, 1.4181357528286753e-06, 1.485665393374802e-06, 1.5531950339209288e-06, 1.6207246744670556e-06, 1.6882543150131823e-06, 1.7557839555593091e-06, 1.8233135961054359e-06, 1.890843122964725e-06, 1.9583728771976894e-06, 2.0259024040569784e-06, 2.093432158289943e-06, 2.160961685149232e-06]}, "gradients/layers.0.bias": {"_type": "histogram", "values": [1.0, 0.0, 0.0, 0.0, 0.0, 0.0, 0.0, 0.0, 0.0, 0.0, 0.0, 0.0, 0.0, 0.0, 0.0, 0.0, 0.0, 0.0, 1.0, 0.0, 0.0, 0.0, 0.0, 0.0, 0.0, 0.0, 0.0, 0.0, 0.0, 1.0, 0.0, 0.0, 0.0, 0.0, 0.0, 0.0, 0.0, 0.0, 0.0, 0.0, 0.0, 0.0, 0.0, 0.0, 0.0, 0.0, 0.0, 0.0, 0.0, 0.0, 0.0, 0.0, 0.0, 0.0, 0.0, 0.0, 0.0, 0.0, 0.0, 0.0, 0.0, 0.0, 0.0, 5.0], "bins": [-2.0361319457151694e-06, -2.0043173662998015e-06, -1.9725027868844336e-06, -1.9406882074690657e-06, -1.9088736280536978e-06, -1.8770591623251676e-06, -1.8452445829097996e-06, -1.8134300034944317e-06, -1.7816154240790638e-06, -1.749800844663696e-06, -1.717986265248328e-06, -1.6861717995197978e-06, -1.6543572201044299e-06, -1.622542640689062e-06, -1.590728061273694e-06, -1.5589134818583261e-06, -1.5270989024429582e-06, -1.4952843230275903e-06, -1.4634697436122224e-06, -1.4316551641968545e-06, -1.3998406984683243e-06, -1.3680261190529563e-06, -1.3362115396375884e-06, -1.3043969602222205e-06, -1.2725824944936903e-06, -1.2407679150783224e-06, -1.2089533356629545e-06, -1.1771387562475866e-06, -1.1453242905190564e-06, -1.1135097111036885e-06, -1.0816951316883205e-06, -1.0498805522729526e-06, -1.0180659728575847e-06, -9.862513934422168e-07, -9.544368140268489e-07, -9.226222914548998e-07, -8.908077120395319e-07, -8.589931894675829e-07, -8.271786100522149e-07, -7.95364030636847e-07, -7.635494512214791e-07, -7.317348718061112e-07, -6.999203492341621e-07, -6.681057698187942e-07, -6.362911904034263e-07, -6.044766678314772e-07, -5.726620884161093e-07, -5.408475090007414e-07, -5.090329864287924e-07, -4.772184070134244e-07, -4.4540385601976595e-07, -4.1358930502610747e-07, -3.8177472561073955e-07, -3.4996017461708107e-07, -3.181456236234226e-07, -2.8633104420805466e-07, -2.545164932143962e-07, -2.2270192800988298e-07, -1.9088736280536978e-07, -1.590728118117113e-07, -1.272582466071981e-07, -9.544368140268489e-08, -6.36291304090264e-08, -3.18145652045132e-08, 0.0]}, "gradients/layers.0.weight": {"_type": "histogram", "values": [1.0, 0.0, 0.0, 0.0, 0.0, 0.0, 0.0, 0.0, 0.0, 0.0, 0.0, 0.0, 0.0, 0.0, 0.0, 0.0, 0.0, 0.0, 0.0, 0.0, 0.0, 0.0, 0.0, 0.0, 0.0, 0.0, 0.0, 0.0, 0.0, 0.0, 0.0, 0.0, 0.0, 0.0, 0.0, 0.0, 0.0, 5.0, 0.0, 0.0, 0.0, 0.0, 0.0, 0.0, 0.0, 0.0, 0.0, 0.0, 0.0, 0.0, 0.0, 0.0, 0.0, 0.0, 0.0, 0.0, 0.0, 1.0, 0.0, 0.0, 0.0, 0.0, 0.0, 1.0],