{"Probe/Value of state 0": [-0.2872307598590851, -0.292380154132843], "_runtime": 56, "_timestamp": 1625818444, "_step": 20000, "General episode info/rewards": 1.0, "General episode info/episode length": 1, "Agent info/critic loss": 1.1255875825881958, "Agent info/actor loss": 0.28637945652008057}