{"Probe/Value of state 0": [-0.4139123260974884, -0.42958757281303406], "_runtime": 13, "_timestamp": 1625819475, "_step": 20000, "General episode info/rewards": 1.0, "General episode info/episode length": 1, "Agent info/critic loss": 1.0079460144042969, "Agent info/actor loss": 0.40924474596977234}