{"Probe/Value of state 0": [0.06745150685310364, 0.05414429306983948], "_runtime": 10, "_timestamp": 1625693356, "_step": 19997, "General episode info/rewards": 1.0, "General episode info/episode length": 1}