{"Probe/Value of state 0": [0.3998448848724365, 0.40336403250694275], "_runtime": 9, "_timestamp": 1625817068, "_step": 19997, "General episode info/rewards": 1.0, "General episode info/episode length": 1}