{"Probe/Value of state 0": [-0.34383726119995117, -0.3368924558162689], "_runtime": 11, "_timestamp": 1625816912, "_step": 19997, "General episode info/rewards": 1.0, "General episode info/episode length": 1}