{"Probe/Value of state 0": [-0.03514132648706436, -0.03687009587883949], "_runtime": 25, "_timestamp": 1625761383, "_step": 19997, "General episode info/rewards": 1.0, "General episode info/episode length": 1}