{"Probe/Value of state 0": [-0.1710718870162964, -0.1597982943058014], "_runtime": 19, "_timestamp": 1625682282, "_step": 13290, "General episode info/rewards": 1.0, "General episode info/episode length": 1}