{"Probe/Value of state 0": [11.022440910339355, 11.017952919006348], "_runtime": 259, "_timestamp": 1625824472, "_step": 50721, "General episode info/rewards": 1.0, "General episode info/episode length": 1, "Agent info/critic loss": 0.04507908970117569, "Agent info/actor loss": -88.96992492675781}