{"Probe/Value of state 0": [0.0561511293053627, 0.05595805495977402], "_runtime": 28, "_timestamp": 1625760887, "_step": 19997, "General episode info/rewards": 1.0, "General episode info/episode length": 1}